Reference	 Quantity	 Value	 Footprint	 Datasheet	 Bezug	 Typ
C1 	1	optional	Capacitors_Tantalum_SMD:CP_Tantalum_Case-B_EIA-3528-21_Wave	~		optional
C13 C12 C11 C35 	4	10µ 50V	Capacitors_Tantalum_SMD:CP_Tantalum_Case-D_EIA-7343-31_Hand	https://www.reichelt.de/smd-tantal-10-f-50v-125-c-t491d-10u-50-p206482.html?&trstct=pol_0&nbc=1	https://www.reichelt.de/smd-tantal-10-f-50v-125-c-t491d-10u-50-p206482.html?&trstct=pol_0&nbc=1	T491D 10U 50 SMD-Tantal, 10µF, 50V
C14 	1	22µ 6V3	Capacitors_Tantalum_SMD:CP_Tantalum_Case-A_EIA-3216-18_Reflow	https://www.reichelt.de/smd-tantal-22-f-6-3v-105-c-t520-22u-6-3-p206543.html?&trstct=pol_9&nbc=1	https://www.reichelt.de/smd-tantal-22-f-6-3v-105-c-t520-22u-6-3-p206543.html?&trstct=pol_1&nbc=1	T491D 22U 35 SMD-Tantal, 22µF,6V3
C15 C39 	2	100n 50V	Capacitors_SMD:C_1206		https://www.reichelt.de/vielschicht-kerko-100nf-50v-125-c-kem-x7r1206b100n-p207152.html?&trstct=pol_1&nbc=1	100n
C17 C49 C16 	3	22µ 10V	Capacitors_Tantalum_SMD:CP_Tantalum_Case-C_EIA-6032-28_Reflow	https://www.reichelt.de/smd-tantal-22-f-10v-125-c-t491c-22u-10-p206472.html?&trstct=pol_0&nbc=1	https://www.reichelt.de/smd-tantal-22-f-10v-125-c-t491c-22u-10-p206472.html?&trstct=pol_0&nbc=1	T491C 22U 10 SMD-Tantal, 22µF, 10V
C19 	1	2µ2 16V	Capacitors_Tantalum_SMD:CP_Tantalum_Case-A_EIA-3216-18_Wave	https://cdn-reichelt.de/documents/datenblatt/B300/KEM_T494_DB-EN.pdf	https://www.reichelt.de/smd-tantal-2-2-f-16v-125-c-t494a-2-2u-16-p206498.html?&trstct=pol_0&nbc=1	Tantal 2µ2 16V
C2 C25 C24 C48 C52 C53 C54 C55 C56 C57 C58 C59 C60 C61 C62 C63 C64 C65 C66 C69 C68 C67 C72 C99 C23 C22 C87 C86 C97 C98 	30	100n	Capacitors_SMD:C_1206	~	https://www.reichelt.de/vielschicht-kerko-100nf-50v-125-c-kem-x7r1206b100n-p207152.html?&trstct=pol_1&nbc=1	100n
C20 C21 	2	2µ2 50V	Capacitors_Tantalum_SMD:CP_Tantalum_Case-D_EIA-7343-31_Wave		https://www.reichelt.de/smd-tantal-kondensator-2-2-f-50-v-taj-7343-2-2-50-p167031.html?&trstct=pol_3&nbc=1	2µ2 50V
C29 	1	10µ 10V	Capacitors_Tantalum_SMD:CP_Tantalum_Case-A_EIA-3216-18_Wave	~	https://www.reichelt.de/smd-tantal-kondensator-10-f-10v-tps-3216-10-10-p167046.html?&trstct=pol_1&nbc=1	10µF 10V
C36 	1	22µ 25V	Capacitors_Tantalum_SMD:CP_Tantalum_Case-D_EIA-7343-31_Hand	https://www.reichelt.de/smd-tantal-22-f-25v-125-c-t494d-22u-25-p206522.html?&trstct=pol_0&nbc=1	https://www.reichelt.de/smd-tantal-22-f-25v-125-c-t495d-22u-25-p206534.html?&trstct=pol_1&nbc=1	T494D 22U 25 SMD-Tantal, 22µF, 25V
C42 C41 	2	100n	Capacitors_THT:C_Rect_L7.0mm_W2.5mm_P5.00mm		https://www.reichelt.de/folienkondensator-100nf-250v-rm5-mks2-250-100n-p172708.html?&trstct=pol_1&nbc=1	MKS2-250 100N
C43 C77 	2	100p	Capacitors_SMD:C_0805	~	https://www.reichelt.de/vielschicht-kerko-100pf-50v-125-c-kem-c0g0805-100p-p207035.html?&trstct=pol_1&nbc=1	100n 50V 0805
C46 C45 	2	100n 100V	Capacitors_SMD:C_1206_HandSoldering		https://www.reichelt.de/vielschicht-kerko-100nf-100v-125-c-kem-x7r1206a100n-p207151.html?&trstct=pol_1&nbc=1	100n
C50 C51 	2	4µ7 16V	Capacitors_Tantalum_SMD:CP_Tantalum_Case-A_EIA-3216-18_Reflow	https://www.reichelt.de/index.html?ACTION=7&LA=3&OPEN=0&INDEX=0&FILENAME=B300%2FKEM_T494_DB-EN.pdf	https://www.reichelt.de/smd-tantal-4-7-f-16v-125-c-t494a-4-7u-16-p206500.html?&trstct=pol_0&nbc=1	T494A 4,7U 16 SMD-Tantal, 4,7µF, 16V, 125°C
C6 C5 	2	4n7	Capacitors_THT:C_Rect_L7.0mm_W2.5mm_P5.00mm	https://www.reichelt.de/keramik-kondensator-500v-4-7n-kerko-500-4-7n-p9340.html?&trstct=pol_1&nbc=1	https://www.reichelt.de/keramik-kondensator-500v-4-7n-kerko-500-4-7n-p9340.html?&trstct=pol_1&nbc=1	4n7
C70 C71 C96 	3	100n	Capacitors_SMD:C_0805	https://www.reichelt.de/index.html?ACTION=7&LA=3&OPEN=0&INDEX=0&FILENAME=B300%2FKEM_C0XXX_X7R_DB-EN.pdf	https://www.reichelt.de/vielschicht-kerko-100nf-50v-125-c-kem-x7r0805-100n-p207073.html?&trstct=pol_1&nbc=1	KEM C0G0805 100P Vielschicht-Kerko, 100pF, 50V, 125°C
C73 C75 	2	100n	Capacitors_SMD:C_0603	~	https://www.reichelt.de/vielschicht-kerko-100nf-50v-125-c-kem-x7r1206b100n-p207152.html?&trstct=pol_1&nbc=1	100n
C74 	1	10n	Capacitors_SMD:C_1206	~	https://www.reichelt.de/vielschicht-kerko-1206-10-nf-10-x7r-50-v-125-c-kem-x7r1206b10n-p207144.html?&trstct=pol_3&nbc=1	10n
C76 C95 	2	10u 10V	Capacitors_Tantalum_SMD:CP_Tantalum_Case-A_EIA-3216-18_Reflow	https://www.reichelt.de/index.html?ACTION=7&LA=3&OPEN=0&INDEX=0&FILENAME=A900%2FAVX_TPS_DS.pdf	https://www.reichelt.de/smd-tantal-kondensator-10-f-10v-tps-3216-10-10-p167046.html?&trstct=pol_0&nbc=1	10u 10V, TPS 3216 10/10
C78 C79 	2	2,2pF	Capacitors_SMD:C_0805	~	https://www.reichelt.de/smd-vielschicht-0805-2-2-pf-cog--0-25pf-50v-125-c-npo-g0805-2-2p-p13515.html?&trstct=pol_2&nbc=1	2p2
C82 C81 C83 C85 C80 C84 C88 C89 	8	100n 50V	Capacitors_SMD:C_0805	https://www.reichelt.de/index.html?ACTION=7&LA=3&OPEN=0&INDEX=0&FILENAME=B300%2FKEM_C0XXX_X7R_DB-EN.pdf	https://www.reichelt.de/vielschicht-kerko-100nf-50v-125-c-kem-x7r0805-100n-p207073.html?&trstct=pol_1&nbc=1	KEM C0G0805 100P Vielschicht-Kerko, 100pF, 50V, 125°C
C9 C7 C4 C8 C10 C30 C31 C3 C47 C18 C38 C32 C33 C26 C28 C34 C27 C40 C44 C37 	20	100n	Capacitors_SMD:C_1206_HandSoldering		https://www.reichelt.de/vielschicht-kerko-100nf-50v-125-c-kem-x7r1206b100n-p207152.html?&trstct=pol_1&nbc=1	100n
C90 C91 C93 C92 	4	220n 250V	Capacitors_SMD:C_1812	~	https://www.mouser.de/ProductDetail/KEMET/C1812C224KARACTU?qs=yb5u%2FZTDO8t0HeaPboTl3w%3D%3D	
C94 	1	220p 50V	Capacitors_SMD:C_1206		https://www.reichelt.de/smd-vielschicht-keramikkondensator-220p-5--npo-g1206-220p-p31890.html?&trstct=pol_2&nbc=1	
D104 D105 	2	SK86	Diodes_SMD:D_SMC	https://cdn-reichelt.de/documents/datenblatt/A400/SK82-810_GER-ENG_TDS.pdf	https://www.reichelt.de/schottkydiode-60-v-8-a-do-214ab-sk-86-dio-p216773.html?&trstct=pol_3&nbc=1	
D25 D26 D27 D28 D30 D31 D32 D19 D21 D22 D23 D24 D40 D41 D39 D38 D29 D17 D18 D20 	20	APTD3216	LEDs:LED_1206_HandSoldering	https://www.mouser.de/ProductDetail/Kingbright/APTD3216LSURCK?qs=AQlKX63v8RsLPrrQ1%252BPtxg%3D%3D	https://www.mouser.de/ProductDetail/Kingbright/APTD3216LSURCK?qs=AQlKX63v8RsLPrrQ1%252BPtxg==	APTD3216LSURCK (2mA, 100mcd, 30mA max, If/Uf 5mA/1,8V)
D33 	1	1N4448W7F DII	Diodes_SMD:D_SOD-123	https://www.reichelt.de/index.html?ACTION=7&LA=3&OPEN=0&INDEX=0&FILENAME=A400%2F1N4448W_ENG_TDS.pdf	https://www.reichelt.de/gleichrichterdiode-75-v-0-5-a-sod-123-1n-4448w7f-dii-p219387.html?search=1N4448	1N 4448W7F DII Gleichrichterdiode, 75 V, 0,5 A, SOD-123,  UF=0,63V !
D34 D35 D36 	3	SZNUP2105LT1G	mylib:SOT-23	https://www.mouser.de/datasheet/2/308/1/NUP2105L_D-2319421.pdf	https://www.mouser.de/ProductDetail/onsemi/SZNUP2105LT1G?qs=PJJcWtbOkNWqqZbXH80dfQ%3D%3D	
D42 D43 	2	P6SMB 5,0CA	mylib:DO-214AA_man		https://www.reichelt.de/tvs-diode-bidirectional-5-v-600-w-do-214aa-smb-p6smb-5-0ca-smd-p204337.html?&trstct=pos_0&nbc=1	P6SMB 5,0CA
D47 D44 D46 D45 	4	BAT 46	Diodes_THT:D_DO-35_SOD27_P2.54mm_Vertical_KathodeUp	~	https://www.reichelt.de/kleinsignal-schottky-diode-100-v-150-ma-do-35-bat-46-p4853.html?search=BAT+46	BAT 46
D48 	1	MBRS 1100 SMD	mylib:DO-214AA_Schottky_man	https://www.reichelt.de/schottkydiode-100-v-1-a-do-214aa-mbrs-1100-smd-p41974.html?&trstct=pos_8&nbc=1	https://www.reichelt.de/schottkydiode-100-v-1-a-do-214aa-mbrs-1100-smd-p41974.html?&trstct=pos_8&nbc=1	MBRS 1100 SMD
D51 	1	1.5KE30CA	Diodes_THT:D_DO-201_P12.70mm_Horizontal		https://www.reichelt.de/tvs-diode-bidirektional-30-v-1500-w-do-201-1-5ke30ca-tsc-p278107.html?&trstct=pos_0&nbc=1	1.5KE30CA
D53 	1	1N4007 SMD	mylib:Diode_DO213AB-MELF_SOD123	http://www.vishay.com/docs/88503/1n4001.pdf	https://www.reichelt.de/gleichrichterdiode-1000-v-1-a-do-41-1n-4007-p1729.html?search=1N4007	1N4007 SMD MELF , alternativ 1N4448 SMD SOT-123
D56 D54 D55 D57 D58 D59 D60 D61 D63 D64 D65 D66 D67 D68 D69 D62 	16	KPTD-3216	mylib:D_1206_4.5	https://cdn-reichelt.de/documents/datenblatt/A500/SMD-LED1206K-RT%23KIN.pdf	https://www.reichelt.de/led-smd-3216-1206-rot-600-mcd-50--smd-led-1206k-rt-p54085.html?&nbc=1	KPTD-3216SURC Hyper Red (20mA, 600mcd, 30mA max, If/Uf 5mA/1,8V)
D87 D86 D85 D84 D83 D82 D81 D80 D70 D79 D74 D75 D73 D76 D77 D72 D71 D78 	18	P6KE33CA	Diodes_THT:D_DO-15_P5.08mm_Vertical_KathodeUp		https://www.reichelt.de/tvs-diode-bidirectional-33-v-600-w-do-204ac-do-15-p6ke-33ca-p42020.html?search=P6KE+33CA	P6KE33CA
D88 D89 D90 D92 D93 D94 D95 D96 D97 D98 D99 D100 D101 D102 D103 D91 D106 D108 D109 D110 D111 D112 D113 D114 D115 D116 D117 D118 D119 D120 D121 D107 D37 D49 	34	1N4448W7F DII	mylib:Diode_DO213AB-MELF_SOD123	https://cdn-reichelt.de/documents/datenblatt/A400/1N4448W_ENG_TDS.pdf	https://www.reichelt.de/gleichrichterdiode-75-v-0-5-a-sod-123-1n-4448w7f-dii-p219387.html?search=1N4448	1N 4448W7F DII Gleichrichterdiode, 75 V, 0,5 A, SOD-123, alternativ 1N4007 SMD MELF
D9 D10 D11 D12 D13 D14 D15 D16 D1 D3 D4 D5 D6 D7 D8 D2 	16	P6SMB 5,0CA SMD	mylib:DO-214AA_man	https://cdn-reichelt.de/documents/datenblatt/A400/SMBJ_LITTELFUSE_DATASHEET.pdf	https://www.reichelt.de/tvs-diode-bidirectional-5-v-600-w-do-214aa-smb-p6smb-5-0ca-smd-p204337.html?&trstct=pos_0&nbc=1	P6SMB 5,0CA
F1 	1	500mA F	Fuse_Holders_and_Fuses:Fuseholder5x20_horiz_open_inline_Type-I	https://www.conrad.de/de/p/eska-120-800h-sicherungs-haltefeder-passend-fuer-feinsicherung-5-x-20-mm-6-3-a-250-v-ac-1-st-533920.html	https://www.reichelt.de/sicherungshalter-fuer-5-x-20-mm-10-a-litt-04450001n-p242453.html?&trstct=pos_8&nbc=1	500mA F
F2 F6 F3 	3	50mA	Resistors_SMD:R_1210	https://www.reichelt.de/index.html?ACTION=7&LA=3&OPEN=0&INDEX=0&FILENAME=C400%2FESKA-RUECKSTELLENDE-SICHERUNGEN.pdf	https://www.reichelt.de/ptc-sicherung-smd-1210-60v-50ma-rueckstellend-ptc-fsmd0051210-p279326.html?&trstct=pol_0&nbc=1	
F5 F4 	2	5,6AT	mylib:Sockel_Kleinst-F		https://www.reichelt.de/sicherungshalter-fuer-kleinstsicherungen-pl-166600-p17544.html?search=sicherungshalter+kleinst	4,0AT-5,6AT, (2,0AT-3,15AT bei AnalogOption Byte-0)
F7 	1	100mA	Resistors_SMD:R_1210_HandSoldering	https://www.reichelt.de/index.html?ACTION=7&LA=3&OPEN=0&INDEX=0&FILENAME=C400%2FESKA-RUECKSTELLENDE-SICHERUNGEN.pdf	https://www.reichelt.de/ptc-sicherung-smd-1210-60v-100ma-rueckstellend-ptc-fsmd0101210-p279329.html?&trstct=pol_1&nbc=1	
H31 H32 	2	LED-Licht-Leiter_8x3mm_P5.08	mylib:MEN-LED-Lichtleiter_8x3mm_P5.08_5v8		https://www.reichelt.de/lichtleiter-1x10-fach-3-mm-planar-gerade-men-12721020-p232146.html?search=MEN+12721020	LED-Licht-Leiter_8x3mm_P5.08: MEN 12721020
J10 J13 	2	01x03_fem	Connector_PinSocket_2.54mm:PinSocket_1x03_P2.54mm_Vertical	~	https://www.reichelt.de/buchsenleiste-2-54mm-1x3-gerade-bkl-10120945-p266670.html?&trstct=pol_3&nbc=1	Conn_01x03_Female
J11 	1	01x02_fem	Connector_PinSocket_2.54mm:PinSocket_1x02_P2.54mm_Vertical	~	https://www.reichelt.de/buchsenleiste-2-54mm-1x2-gerade-bkl-10120944-p266669.html?&trstct=vrt_pdn&nbc=1	Conn_01x02_Female
J14 J12 	2	01x15_fem	Connector_PinSocket_2.54mm:PinSocket_1x15_P2.54mm_Vertical	~	https://www.reichelt.de/platinensteckverbinder-gerade-weiss-10-polig-ps-25-10g-ws-p14824.html?&trstct=vrt_pdn&nbc=1	Conn_01x15
J16 J2 J1 J17 	4	MSTBVA-2.5-10-5.08	mylib:TerminalBlock_Phoenix_MSTBVA-2.5-10-5.08_1x10_P5.08mm_Horizontal	~	https://www.mouser.de/ProductDetail/Phoenix-Contact/1924389?qs=%2Fha2pyFadujHdoqdfOFIJ8rSuaf%2FUCtvuFzXlTdlJZ0%3D	Output Byte 1.0 -1.7
J18 	1	01x03_Male	Connector_PinHeader_2.54mm:PinHeader_1x03_P2.54mm_Vertical	~	https://www.reichelt.de/stiftleiste-3-pol-gerade-rm-2-54-mpe-089-1-003-p225881.html?&trstct=vrt_pdn&nbc=1	Conn_01x03_Male
J19 	1	01x08_Male	Connector_PinHeader_2.54mm:PinHeader_1x08_P2.54mm_Vertical	~	https://www.reichelt.de/stiftleiste-8-pol-gerade-rm-2-54-mpe-089-1-008-p225883.html?&trstct=vrt_pdn&nbc=1	Conn_01x08_Male
J20 	1	01x02_Male	Connector_PinHeader_2.54mm:PinHeader_1x02_P2.54mm_Vertical	~	https://www.reichelt.de/stiftleiste-8-pol-gerade-rm-2-54-mpe-089-1-008-p225883.html?&trstct=vrt_pdn&nbc=1	Conn_01x02_Male
J21 	1	02x02_Male	Connector_PinHeader_2.54mm:PinHeader_2x02_P2.54mm_Vertical	~	https://www.reichelt.de/stiftleiste-8-pol-gerade-rm-2-54-mpe-089-1-008-p225883.html?&trstct=vrt_pdn&nbc=1	Conn_02x02_Male
J22 J23 	2	opt. Connector	mylib:TerminalBlock_Phoenix_MSTBVA-2.5-10-5.08_1x10_P5.08mm_Horizontal	~	opt.: https://www.phoenixcontact.com/en-pc/products/printed-circuit-board-connector-mstba-25-10-g-508-1757323	Conn_via_Cable
J24 	1	01x05_Male	Connector_PinHeader_2.54mm:PinHeader_1x05_P2.54mm_Vertical	~	https://www.reichelt.de/stiftleiste-5-pol-gerade-rm-2-54-mpe-089-1-005-p225882.html?&trstct=vrt_pdn&nbc=1	Conn_01x05_Male
J25 	1	01x05_fem	Connector_PinSocket_2.54mm:PinSocket_1x05_P2.54mm_Vertical	~	https://www.reichelt.de/buchsenleiste-2-54mm-1x5-gerade-bkl-10120947-p266672.html?&trstct=pol_2&nbc=1	Conn_01x05_Female
J26 	1	01x04_Male	Connector_PinHeader_2.54mm:PinHeader_1x04_P2.54mm_Vertical	~		
J3 	1	PFS 2x4	Connector_PinHeader_2.54mm:PinHeader_2x04_P2.54mm_Vertical	~		PFS 2x4 RM 2,54mm
J4 	1	01x08_fem	Connector_PinSocket_2.54mm:PinSocket_1x08_P2.54mm_Vertical	~	https://www.reichelt.de/buchsenleiste-2-54mm-1x8-gerade-bkl-10120949-p266674.html?&trstct=pol_4&nbc=1	Conn_01x08_Female
J40 	1	Extention	Connector_PinHeader_2.54mm:PinHeader_2x12_P2.54mm_Vertical	~	https://www.mouser.de/ProductDetail/Samtec/ZW-12-14-F-D-980-118?qs=%2Fha2pyFaduhlYuYg6YaAaAcMwJtESH4fCl8JriUKwzHt8L%252BXXamJdnHdjZ7pdPR6	Extention Connector
J43 J66 	2	Flachstecker	mylib:Lötauge-Junction-2x2-1.4	~	https://www.reichelt.de/flachstecker-fuer-printmontage-breite-6-35mm-vt-fs-pw-6-35-p231355.html?&trstct=pol_4&nbc=1	VT FS-PW-6,35
J49 J50 	2	01x15 Male zu OP	Connector_PinHeader_2.54mm:PinHeader_1x15_P2.54mm_Vertical	~		Conn_01x05_Male
J5 J15 	2	01x04_fem	Connector_PinSocket_2.54mm:PinSocket_1x04_P2.54mm_Vertical	~	https://www.reichelt.de/buchsenleiste-2-54mm-1x4-gerade-bkl-10120946-p266671.html?&trstct=pol_1&nbc=1	Conn_01x04
J6 J7 	2	DIN-5	mylib:DIN-5-180	Werner Elektronik	https://www.ebay.de/itm/132535527872	DIN-5
J8 	1	02x02_fem	Connector_PinSocket_2.54mm:PinSocket_2x02_P2.54mm_Vertical	~	https://www.reichelt.de/buchsenleiste-2-54mm-1x2-gerade-bkl-10120944-p266669.html?&trstct=vrt_pdn&nbc=1	Conn_02x02_Female
J9 	1	Ub 0V PE	mylib:TerminalBlock_Phoenix_MKDS-1,5-3-5.08_1x03_P5.08mm_Horizontal	F:\Daten\ProgrammData\KiCad-Projects\datasheet\PhoenixContact_1715857_02_MKDS-1-5-3-5-08-BD-1-3_FAM.pdf	https://www.reichelt.de/anschlussklemme-3-pol-rm-5-08-mm-90--lakl-1-5-3-5-08-p169872.html?search=1729131	Ub 0V PE
JP1 	1	WP_	Connector_PinHeader_2.54mm:PinHeader_1x03_P2.54mm_Vertical	~	https://www.reichelt.de/stiftleiste-3-pol-gerade-rm-2-54-mpe-089-1-003-p225881.html?&trstct=vrt_pdn&nbc=1	EEPROM WP_
L1 	1	PIS2812-271M-04	mylib:L_7.3x7.3_H3.5_handsoldered	https://www.reichelt.de/index.html?ACTION=7&LA=3&OPEN=0&INDEX=0&FILENAME=B400%2FPIS2812.pdf	https://www.reichelt.de/index.html?ACTION=446&LA=0&nbc=1&q=pis2812-271m-04	270µH
L2 	1	47µH	Inductors_SMD:L_1210		https://www.reichelt.de/chip-induktivitaet-1210f-47-h-l-1210f-47--p138578.html?&trstct=pol_3&nbc=1	
L3 	1	L-1812AF 330µ 100mA	Inductors_SMD:L_1812	https://www.reichelt.de/index.html?ACTION=7&LA=3&OPEN=0&INDEX=0&FILENAME=B400%2FDS_1812AF-1.pdf	https://www.reichelt.de/chip-induktivitaet-1812af-330-h-l-1812af-330--p138596.html?&trstct=pol_0&nbc=1	330µH
P1 P2 	2	1,0K lin	mylib:Trimmer_Vishay_T7YA	https://www.reichelt.de/praezisionspotentiometer-trimmer-liegend-1-0-kohm-6-6-mm-75h-1-0k-p3475.html?&trstct=pol_2&nbc=1	https://www.reichelt.de/praezisionspotentiometer-trimmer-liegend-1-0-kohm-6-6-mm-75h-1-0k-p3475.html?&trstct=pol_2&nbc=1	75H 1,0K
Q1 Q2 	2	IRLML 2244	TO_SOT_Packages_SMD:SOT-23	https://www.reichelt.de/index.html?ACTION=7&LA=3&OPEN=0&INDEX=0&FILENAME=A200%2FDS_IRLML2244-IR.pdf	https://www.reichelt.de/mosfet-p-ch-20v-4-3a-1-3w-sot-23-irlml-2244-p132143.html?&trstct=pol_8&nbc=1	
R102 R103 R104 R105 R106 R107 R108 R109 R110 R112 R113 R114 R115 R116 R117 R93 R94 R95 R96 R97 R98 R99 R100 R101 R92 R91 R90 R89 R88 R87 R86 R111 R142 R143 R144 R145 R146 R147 R148 R149 R134 R135 R136 R137 R138 R139 R140 R141 	48	7k5	Resistors_SMD:R_1206			7k5 250mW
R121 R122 	2	3k0 0,1%	Resistors_THT:R_Axial_DIN0207_L6.3mm_D2.5mm_P2.54mm_Vertical	~	https://www.mouser.de/ProductDetail/TE-Connectivity-Holsworthy/H83K0BYA/?qs=sGAEpiMZZMsPqMdJzcrNwmqCbm4q8Q%252BC24IgqxiMTaA%3D	3k 0,1%
R124 R170	2	10k	Resistors_SMD:R_0805	~		10k
R127 R125 	2	30k 0,1%	Resistors_SMD:R_1206	~	https://www.reichelt.de/smd-widerstand-1206-30-kohm-125-mw-0-1--spr-1206-30-0k-p123445.html?&trstct=pol_1&nbc=1	30k 0,1% 25ppm
R126 R50	2	220	Resistors_SMD:R_0805			220
R129 R130 	2	90k 0,1%	Resistors_SMD:R_1206	https://www.vishay.com/doc?28700	https://www.mouser.de/ProductDetail/Vishay-Beyschlag/MCA12060D9002BP500?qs=sGAEpiMZZMvdGkrng054tylseMa3ZBi%2FrBJr%252BYHQ8Uk%3D	90k 0,1% 25ppm
R133 	1	220k	Resistors_SMD:R_1206	~		
R154 R155 R153 R152 R151 R131 R156 R132 R150 R158 R159 R160 R161 R162 R157 	15	51	Resistors_SMD:R_0603			30-180
R164 R167 R168 R166 	4	120	Resistors_SMD:R_1206	SMD 1206 1/4W 120 1%	https://www.reichelt.de/smd-widerstand-1206-120-ohm-250-mw-1--vis-crcw1206120-p238104.html?&trstct=pol_3&nbc=1	120
R169 R171 R165 R163 	4	10	Resistors_SMD:R_0603	~		10k
R25 R26 R27 R28 R29 R31 R32 R17 R18 R19 R20 R21 R22 R23 R24 R30 	16	1k1	Resistors_SMD:R_1206		https://www.reichelt.de/smd-widerstand-1206-1-2-kohm-250-mw-1--wal-wr12x1201ftl-p346655.html?&trstct=pol_0&nbc=1	alt: 220
R41 R42 R43 R44 R45 R46 R47 R48 R33 R34 R35 R36 R37 R38 R39 R40 	16	3k3	Resistors_SMD:R_1206		https://www.reichelt.de/widerstand-metallschicht-3-30-kohm-0207-0-6-w-1--metall-3-30k-p11693.html?&trstct=pol_0&nbc=1	3k3
R51 R123 	2	680k	Resistors_SMD:R_1206			680k
R54 R55 R53 R56 R60 R57 R58 R59 	8	120	Resistors_SMD:R_1206_HandSoldering	RND 1206 1 120 SMD-Widerstand, 1206, 120 Ohm, 250 mW, 1%	https://www.reichelt.de/smd-widerstand-1206-120-ohm-250-mw-1--rnd-1206-1-120-p183350.html?&trstct=pol_0&nbc=1	120
R61 R119 R52 R49 R118 R67 	6	10k	Resistors_SMD:R_1206			10k
R62 R68 	2	10k	Resistors_SMD:R_1206_HandSoldering		https://www.reichelt.de/smd-widerstand-1206-10-kohm-250-mw-1--vis-crcw120610k-p238102.html?&trstct=pol_2&nbc=1	10k
R65 R64 R63 R66 R70 R71 R72 R73 R74 R75 R76 R77 R79 R80 R81 R83 R84 R85 R82 R78 	20	1650	Resistors_SMD:R_1206	SMD 1206 1/4W 1,6K 5%	https://www.reichelt.de/smd-widerstand-1206-1-6-kohm-250-mw-5--smd-1-4w-1-6k-p18236.html?&trstct=pol_0&nbc=1	1650
R69 R120 	2	1k 0,1%	Resistors_THT:R_Axial_DIN0207_L6.3mm_D2.5mm_P2.54mm_Vertical	~	https://www.reichelt.de/widerstand-metallschicht-1-0-kohm-axial-250-mw-0-1--irc-r5dlf1k0bb-p237466.html?&trstct=pol_3&nbc=1	1k 0,1%
R9 R10 R11 R12 R13 R14 R15 R16 R1 R2 R3 R4 R5 R6 R7 R8 	16	6k8 500mW	Resistors_SMD:R_1206	ESR18EZPF6801	https://www.mouser.de/ProductDetail/ROHM-Semiconductor/ESR18EZPF6801?qs=sGAEpiMZZMvdGkrng054t621aZ%2Fa1rARbQSjyEWjpLndAmxcI%252Bv65Q%3D%3D	alt: 6k2 500mW
RV2 RV3 RV1 	3	31VDC	Resistors_SMD:R_1210	https://www.reichelt.de/index.html?ACTION=7&LA=3&OPEN=0&INDEX=0&FILENAME=B300%2FMCEPCOS_SMD-VARISTOREN_EN.pdf	https://www.reichelt.de/smd-varistor-1206-25-v-epc-b72520t0250-p240011.html?&trstct=pol_6&nbc=1	EPC B72520T0250 SMD-Varistor, 1206, 25 VAC
SW1 SW2 SW3 	3	SW_DIP_x02	Buttons_Switches_THT:SW_DIP_x2_W7.62mm_Slide_LowProfile	https://www.reichelt.de/dip-schalter-liegend-2-polig-nt-02-p36464.html?&trstct=pol_6&nbc=1	https://www.reichelt.de/dip-schalter-liegend-2-polig-nt-02-p36464.html?&trstct=pol_6&nbc=1	SW_DIP_x02
U10 	1	ADM2483xRW	mylib:SOIC-16W_7.5x10.3mm_Pitch1.27mm_handsoldered	https://www.analog.com/media/en/technical-documentation/data-sheets/adm2483.pdf	https://www.mouser.de/ProductDetail/Analog-Devices/ADM2483BRWZ?qs=BpaRKvA4VqH5Kim10agOlw%3D%3D	ADM2483xRW
U12 U11 	2	2S7WA_2405_S3RP	mylib:SIP-7_2S7WA	F:\Daten\ProgrammData\KiCad-Projects\datasheet\2S7WA_3RP_DS_EN.pdf	https://www.reichelt.de/dc-dc-wandler-2-w-5-v-sil-7-2s7wa-2405s3rp-p242953.html?&trstct=pol_3&nbc=1	2S7WA_2405_S3RP
U27 U28 U29 U30 U31 U32 U33 U34 U22 U23 U21 U24 U25 U20 U19 U26 	16	"BSP-452 
oder BTS4141N"	TO_SOT_Packages_SMD:SOT-223		https://www.reichelt.de/analog-schalter-ic-1-kanal-pg-sot-223-bsp-452-smd-p41420.html?search=BSP-452	BSP-452
U3 U4 U1 U2 U15 U16 U17 U18 	8	LTV-844	mylib:DIP-16_W7.62mm_cut		https://www.reichelt.de/4-fach-optokoppler-ac-5kv-35v-50ma-20-300-dip-16-ltv-844-p96808.html?&trstct=pos_0&nbc=1	LTV-844
U36 	1	MCP3204	mylib:DIL-14-SMD	http://ww1.microchip.com/downloads/en/DeviceDoc/21298c.pdf	https://www.reichelt.de/12-bit-serieller-a-d-wandler-4-kanal-2-7v-spi-dip-14-mcp-3204-ci-p-p90076.html?search=MCP3204	MCP3204
U37 U13 	2	LT1086 3.3	TO_SOT_Packages_THT:TO-220-3_Vertical	http://www.st.com/st-web-ui/static/active/en/resource/technical/document/datasheet/CD00000544.pdf	https://www.reichelt.de/ldo-spannungsregler-fix-3-3-v-1-5-a-to-220-3-lm-1086-ct-3-3-p187589.html?&trstct=pol_5&nbc=1	LM 1086 CT-3.3 TO220
U38 	1	MCP4922	Housings_DIP:DIP-14_W7.62mm_Socket_LongPads	http://ww1.microchip.com/downloads/en/devicedoc/21897a.pdf	https://www.reichelt.de/d-a-wandler-12-bit-2-kanal-spi-2-7--5-5-v-dip-14-mcp-4922-e-p-p90090.html?search=MCP4922	MCP4922-EP
U39 U35 	2	ADuM1401xRW	mylib:SOIC-16W_7.5x10.3mm_Pitch1.27mm_handsoldered	https://www.analog.com/media/en/technical-documentation/data-sheets/ADUM1400_1401_1402.pdf	https://www.reichelt.de/digitaler-isolator-4-kanal-so-16-adum-1401-crwz-p185568.html?&trstct=pos_2&nbc=1	ADuM1401xRW
U40 	1	ADM-803R	TO_SOT_Packages_SMD:SOT-23	https://www.analog.com/media/en/technical-documentation/data-sheets/ADM803_809_810.pdf	https://www.mouser.de/ProductDetail/Analog-Devices/ADM809ZARTZ-REEL7?qs=sGAEpiMZZMsjJi7B1kCaqZhu1wa16fpwpWySOz9g7lI%3D	ADM809ZARTZ-REEL7
U41 	1	LT 1078	Housings_DIP:DIP-8_W7.62mm	https://www.reichelt.de/operationsverstaerker-2-4-fach-dip-8-lt-1078-cn8-p10888.html?&trstct=pol_3&nbc=1	https://www.reichelt.de/operationsverstaerker-2-4-fach-dip-8-lt-1078-cn8-p10888.html?&trstct=pol_3&nbc=1	LT 1078 CN8
U42 U43 	2	LM4040 AIM3-2.5	TO_SOT_Packages_SMD:SOT-23	http://www.ti.com/lit/ds/symlink/lm4040-n.pdf	https://www.reichelt.de/shunt-spannungsreferenz-fest-10-0-v-1-0-sot-23-3-lm-4040-dim3-10-p187746.html?&trstct=pos_1&nbc=1	LM4040-AIM3-2.5
U44 	1	2S7WB_2415S3RP	mylib:SIP-7_2S7WA	F:\Daten\ProgrammData\KiCad-Projects\datasheet\2S7WA_3RP_DS_EN.pdf	https://www.reichelt.de/dc-dc-wandler-2-w-5-v-sil-7-2s7wa-2405s3rp-p242953.html?&trstct=pol_3&nbc=1	2S7WB_2415S3RP
U45 	1	ADR03ARZ	Housings_SOIC:SOIC-8_3.9x4.9mm_Pitch1.27mm	https://www.analog.com/media/en/technical-documentation/data-sheets/ADR4520_4525_4530_4533_4540_4550.pdf	https://www.reichelt.de/spannungsreferenz-fest-2-5-v-3-ppm-c-so-8-adr-03-arz-p185546.html?search=ADR03ARZ	ADR03ARZ
U46 	1	LCN78_05-1.0	mylib:SIP-3-LC78	https://cdn-reichelt.de/documents/datenblatt/D400/LME78_10_DS_EN.pdf	https://www.reichelt.de/dc-dc-wandler-5-w-5-v-1000-ma-to-220-lme78-05-1-0-p242853.html?&trstct=pol_7&nbc=1	LME78_05-1.0 DC/DC-Wandler, 5 W, 5 V, 1000 mA, TO-220
U47 	1	ADM-809Z	TO_SOT_Packages_SMD:SOT-23	https://www.analog.com/media/en/technical-documentation/data-sheets/ADM803_809_810.pdf	https://www.mouser.de/ProductDetail/Analog-Devices/ADM809ZARTZ-REEL7?qs=sGAEpiMZZMsjJi7B1kCaqZhu1wa16fpwpWySOz9g7lI%3D	ADM809ZARTZ-REEL7
U49 	1	SN74LV1T32DBVR	TO_SOT_Packages_SMD:SOT-23-5		mouser.com	SN74LV1T32
U5 U14 	2	MCP23S17	Housings_DIP:DIP-28_W7.62mm	http://ww1.microchip.com/downloads/en/DeviceDoc/20001952C.pdf	https://www.reichelt.de/bus-controller-push-pull-s-dil-28-mcp-23s17-e-sp-p90047.html?search=MCP23S17	MCP23S17_SP
U50 	1	NE555DRG4	Housings_SOIC:SOIC-8_3.9x4.9mm_Pitch1.27mm	http://www.ti.com/lit/ds/symlink/ne555.pdf	????	
U51 	1	SN74LV1T08	TO_SOT_Packages_SMD:SOT-23-5	http://www.ti.com/lit/sg/scyt129e/scyt129e.pdf		
U7 	1	Teensy4.0	mylib:Teensy40wo34_0.9		https://www.reichelt.de/teensy-4-0-usb-teensy-4-0-p269006.html?search=Teensy	Teensy4.0
U8 U6 	2	ISO1050	mylib:SOP-8	http://www.ti.com/lit/ds/symlink/iso1050.pdf	https://www.reichelt.de/isolierter-can-transceiver-3-0-5-5v-sop-8-iso-1050-dub-p188663.html?&trstct=pos_0&nbc=1	ISO1050DUB
U9 	1	25LC512	Housings_DIP:DIP-8_W7.62mm		https://www.reichelt.de/eeprom-512-kb-64-k-x-8-spi-20-mhz-2-5--5-5-v-dip-8-25lc512-i-p-p96669.html?&trstct=pos_11&nbc=1	25LC512-I/P
